{"cameraMode":{"drawMode":0,"name":"Shaded","section":"Shading Mode"},"sceneLighting":true,"audioPlay":false,"sceneViewState":{"m_AlwaysRefresh":false,"showFog":true,"showSkybox":true,"showFlares":true,"showImageEffects":true,"showParticleSystems":true,"showVisualEffectGraphs":true,"m_FxEnabled":true},"in2DMode":false,"pivot":{"x":-2.4812092781066896,"y":0.5114358067512512,"z":-2.4230971336364748},"rotation":{"x":0.007498157676309347,"y":0.020101331174373628,"z":-0.00014409101277124137,"w":0.99972003698349},"size":10.990675926208496,"orthographic":false}